"Reference","Qty","Value","DNP","Exclude from BOM","Exclude from Board","Footprint","Datasheet"
"C1,C5","2","1uF","","","","Capacitor_SMD:C_0805_2012Metric","~"
"C2,C3,C6,C7","4","0.1uF","","","","Capacitor_SMD:C_0603_1608Metric","~"
"C4,C8","2","1000pF","","","","Capacitor_SMD:C_0402_1005Metric","~"
"H1,H2","2","MountingHole","","Excluded from BOM","","MountingHole:MountingHole_3.2mm_M3","~"
"H3,H4","2","MountingHole","","Excluded from BOM","","MountingHole:MountingHole_2.2mm_M2","~"
"J1,J2,J3,J4,J5,J6","6","Conn_01x01_Pin","","","","TestPoint:TestPoint_Pad_D4.0mm","~"
"J7,J11","2","Conn_01x01_Socket","","","","Connector_Wire:SolderWire-1sqmm_1x01_D1.4mm_OD2.7mm","~"
"J8","1","Conn_01x04_Socket","","","","Connector_JST:JST_SH_BM04B-SRSS-TB_1x04-1MP_P1.00mm_Vertical","~"
"J9,J10","2","Conn_01x01_Pin","","","","TestPoint:TestPoint_THTPad_4.0x4.0mm_Drill2.0mm","~"
"J12,J13","2","Conn_01x03_Socket","","","","jlcpcb:16128981","~"
"R1,R2,R3,R4,R5","5","10kR","","","","Resistor_SMD:R_0603_1608Metric","~"
"U1,U2","2","TPS22997RYZR","","","","jlcpcb:WQFN-HR10_RYZ_TEX","https://www.ti.com/lit/gpn/tps22997"
