Ref,Val,Package,PosX,PosY,Rot,Side
"C8","0.1uF","C_0402_1005Metric",166.714762,-142.975000,180.000000,bottom
"C9","10uF","C_0603_1608Metric",166.714762,-141.145000,180.000000,bottom
"C1","4.7uF","C_0603_1608Metric",159.300000,-117.375000,-90.000000,top
"C2","100nF","C_0402_1005Metric",158.000000,-117.420000,-90.000000,top
"C3","100nF","C_0402_1005Metric",149.720000,-114.100000,0.000000,top
"C4","100nF","C_0402_1005Metric",153.225000,-125.600000,180.000000,top
"C5","1uF","C_0603_1608Metric",153.270000,-126.900000,180.000000,top
"C6","10nF","C_0402_1005Metric",146.500000,-122.480000,90.000000,top
"C7","100nF","C_0402_1005Metric",144.130000,-115.250000,0.000000,top
"C10","15pF","C_0402_1005Metric",148.220000,-126.700000,0.000000,top
"C11","15pF","C_0402_1005Metric",150.120000,-126.700000,180.000000,top
"C12","0.1uF","C_0603_1608Metric",154.425000,-73.375000,-90.000000,top
"C13","22uF","C_0805_2012Metric",157.150000,-80.600000,-90.000000,top
"C14","10uF","C_0805_2012Metric",152.550000,-80.600000,-90.000000,top
"C15","0.1uF","C_0603_1608Metric",164.300000,-69.075000,-90.000000,top
"C16","0.1uF","C_0603_1608Metric",170.578431,-48.557001,0.000000,top
"C17","100uF","C_1210_3225Metric",164.800000,-48.675000,-90.000000,top
"C18","10uF","C_0805_2012Metric",161.750000,-48.050000,-90.000000,top
"C19","0.1uF","C_0603_1608Metric",159.550000,-47.875000,-90.000000,top
"C20","0.1uF","C_0603_1608Metric",153.375000,-105.900000,0.000000,top
"C21","10uF","C_0805_2012Metric",143.725000,-87.925000,0.000000,top
"C22","1uF","C_0603_1608Metric",151.200000,-88.625000,-90.000000,top
"C23","1uF","C_0805_2012Metric",150.700000,-96.825000,0.000000,top
"C24","0.1uF","C_0603_1608Metric",151.675000,-111.100000,180.000000,top
"C25","2.2uF","C_0805_2012Metric",144.800000,-103.775000,-90.000000,top
"C26","0.1uF","C_0603_1608Metric",156.675000,-49.700000,0.000000,top
"C27","1uF","C_0603_1608Metric",156.650000,-51.300000,0.000000,top
"C28","10uF","C_0805_2012Metric",156.850000,-53.100000,0.000000,top
"C29","100uF","C_1210_3225Metric",156.850000,-55.800000,0.000000,top
"C30","0.1uF","C_0603_1608Metric",138.378431,-48.607001,0.000000,top
"C31","0.1uF","C_0402_1005Metric",154.076400,-60.330000,90.000000,top
"C32","100uF","C_1210_3225Metric",147.250000,-48.700000,-90.000000,top
"C33","1uF","C_0603_1608Metric",157.745000,-63.310000,-90.000000,top
"C34","10uF","C_0805_2012Metric",150.250000,-48.100000,-90.000000,top
"C35","0.1uF","C_0603_1608Metric",152.350000,-47.900000,-90.000000,top
"C36","100nF","C_0402_1005Metric",143.930000,-107.045000,0.000000,top
"C37","100nF","C_0402_1005Metric",142.550000,-133.445000,90.000000,top
"C39","22uF","C_1206_3216Metric",166.850000,-63.300000,-90.000000,top
"C40","22uF","C_1206_3216Metric",169.225000,-63.300000,-90.000000,top
"C41","22uF","C_1206_3216Metric",171.600000,-63.300000,-90.000000,top
"C42","22uF","C_1206_3216Metric",159.725000,-63.300000,-90.000000,top
"C43","22uF","C_1206_3216Metric",162.100000,-63.300000,-90.000000,top
"C44","22uF","C_1206_3216Metric",164.475000,-63.300000,-90.000000,top
"C45","47uF","C_1206_3216Metric",145.521200,-69.300000,-90.000000,top
"C46","22uF","C_1206_3216Metric",147.878800,-69.300000,-90.000000,top
"C47","0.1uF","C_0603_1608Metric",152.600000,-61.335000,90.000000,top
"C48","30pF","C_0402_1005Metric",155.250000,-67.980000,-90.000000,top
"C49","1000pF","C_0402_1005Metric",157.250000,-67.980000,-90.000000,top
"C50","1uF","C_0805_2012Metric",148.900000,-56.650000,-90.000000,top
"C51","4.7uF","C_0603_1608Metric",152.600000,-65.035000,90.000000,top
"C52","0.1uF","C_0603_1608Metric",142.900000,-57.375000,-90.000000,top
"C53","0.1uF","C_0603_1608Metric",147.000000,-56.675000,-90.000000,top
"C54","1000pF","C_0402_1005Metric",144.000000,-54.650000,0.000000,top
"D1","Blue LED","LED_0603_1608Metric",174.050000,-131.512500,-90.000000,top
"D2","Green LED","LED_0603_1608Metric",173.400000,-74.887500,90.000000,top
"D3","MBRA140T3G","SMA_L4.3-W2.6-LS5.2-RD",149.200000,-103.225000,0.000000,top
"D4","MBR120VLSFT1G","MBR120VLSFT1G",143.200000,-85.500000,0.000000,top
"D5","Green LED","LED_0603_1608Metric",139.512500,-77.400000,180.000000,top
"D8","Yellow LED","LED_0603_1608Metric",141.987500,-105.200000,180.000000,top
"D9","Yellow LED","LED_0603_1608Metric",143.587500,-136.825000,180.000000,top
"D12","Blue LED","LED_0603_1608Metric",157.287500,-42.875000,180.000000,top
"D13","Blue LED","LED_0603_1608Metric",154.212500,-42.875000,0.000000,top
"J1","Conn_02x20_Odd_Even","CONN-SMD_FH-00369_2x40",169.900000,-104.100000,-90.000000,top
"J2","Micro_SD_Card_Det2","microSD_HC_Molex_104031-0811",167.985000,-139.675000,180.000000,top
"J3","Conn_01x03_Pin","16129011",149.150000,-38.900000,0.000000,top
"J4","Conn_01x02_Socket","JST_SH_SM02B-SRSS-TB_1x02-1MP_P1.00mm_Horizontal",143.200000,-142.875000,0.000000,top
"J5","Conn_01x05_Pin","JST_SH_BM05B-SRSS-TB_1x05-1MP_P1.00mm_Vertical",139.525000,-122.400000,90.000000,top
"J6","Conn_01x04_Socket","JST_SH_SM04B-SRSS-TB_1x04-1MP_P1.00mm_Horizontal",150.100000,-142.900000,0.000000,top
"J7","Conn_01x03_Pin","16129011",162.350000,-38.900000,0.000000,top
"J8","Conn_01x02_Socket","JST_PH_S2B-PH-K_1x02_P2.00mm_Horizontal",156.600000,-139.425000,0.000000,top
"L1","3.3uH","L_Coilcraft_XAL4030-XXX",160.650000,-79.715000,-90.000000,top
"L3","3.3uH","L_Coilcraft_XAL4030-XXX",148.215000,-83.200000,180.000000,top
"L4","33uH","L_Bourns_SRP7028A_7.3x6.6mm",156.400000,-99.625000,-90.000000,top
"L5","2.2uH","L_Coilcraft_XAL6060-XXX",148.100000,-63.260000,0.000000,top
"Q3","DMP3013SFV","Diodes_PowerDI3333-8",154.570000,-87.872500,180.000000,top
"Q4","BSS138","SOT-23",159.662500,-85.275000,180.000000,top
"R1","10kR","R_0402_1005Metric",170.750000,-132.100000,-90.000000,top
"R2","10kR","R_0402_1005Metric",143.850000,-112.300000,-90.000000,top
"R3","10kR","R_0402_1005Metric",169.715000,-132.090000,-90.000000,top
"R4","10kR","R_0402_1005Metric",151.700000,-113.300000,-90.000000,top
"R5","10kR","R_0402_1005Metric",152.700000,-113.300000,-90.000000,top
"R6","10kR","R_0402_1005Metric",164.480000,-132.135000,-90.000000,top
"R7","10kR","R_0402_1005Metric",163.455000,-132.135000,-90.000000,top
"R8","1kR","R_0603_1608Metric",172.475000,-131.500000,-90.000000,top
"R11","1kR","R_0603_1608Metric",156.500000,-40.600000,-90.000000,top
"R12","1.5kR","R_0603_1608Metric",171.857000,-74.890000,-90.000000,top
"R13","1kR","R_0603_1608Metric",155.000000,-40.600000,-90.000000,top
"R15","10kR","R_0603_1608Metric",141.394146,-50.741216,90.000000,top
"R16","1R","R_1206_3216Metric",146.600000,-94.525000,0.000000,top
"R17","3.3kR","R_0603_1608Metric",150.275000,-105.900000,180.000000,top
"R18","1R","R_1206_3216Metric",146.600000,-96.925000,0.000000,top
"R19","10kR","R_0603_1608Metric",150.475000,-91.900000,180.000000,top
"R20","20kR","R_0603_1608Metric",157.645000,-87.470000,90.000000,top
"R21","7.6kR","R_0603_1608Metric",139.550000,-78.950000,180.000000,top
"R22","1.15MR","R_0603_1608Metric",144.175000,-90.400000,0.000000,top
"R23","100kR","R_0603_1608Metric",156.000000,-85.050000,0.000000,top
"R24","470R","R_0603_1608Metric",147.900000,-107.825000,90.000000,top
"R25","100kR","R_0603_1608Metric",147.275000,-90.400000,0.000000,top
"R26","10kR","R_0603_1608Metric",162.500000,-85.250000,90.000000,top
"R27","10kR","R_0603_1608Metric",144.550000,-47.900000,90.000000,top
"R28","10kR","R_0603_1608Metric",141.868152,-54.199186,-90.000000,top
"R29","10kR","R_0603_1608Metric",144.775000,-53.300000,0.000000,top
"R30","10kR","R_0603_1608Metric",141.935000,-70.370000,180.000000,top
"R31","10kR","R_0603_1608Metric",155.850000,-106.825000,-90.000000,top
"R37","10kR","R_0603_1608Metric",140.750000,-103.350000,0.000000,top
"R38","1kR","R_0603_1608Metric",138.975000,-105.200000,0.000000,top
"R39","10kR","R_0603_1608Metric",141.250000,-132.910000,90.000000,top
"R40","1kR","R_0603_1608Metric",141.250000,-135.925000,-90.000000,top
"R41","105kR","R_0402_1005Metric",153.075000,-67.985000,90.000000,top
"R42","14kR","R_0402_1005Metric",154.075000,-67.985000,-90.000000,top
"R43","36.5kR","R_0402_1005Metric",156.250000,-67.985000,-90.000000,top
"SW1","SW_Push","SW-SMD_L3.9-W3.0-P4.45",139.980000,-115.250000,0.000000,top
"SW2","SW_SPDT","SW-SMD_MSK12CO2",140.350000,-109.750000,-90.000000,top
"SW3","SW_Reed","SENSOR-SMD_59170-1-S-00-D",138.500000,-95.075000,-90.000000,top
"SW4","SW_Reed","SENSOR-SMD_59170-1-S-00-D",138.500000,-136.625000,90.000000,top
"U1","STM32L431CCTx","LQFP-48_7x7mm_P0.5mm",152.250000,-119.862500,90.000000,top
"U2","INA260","TSSOP-16_4.4x5mm_P0.65mm",159.162500,-74.125000,180.000000,top
"U3","TPS61291DRVT","TPS61291",154.850000,-81.225000,-90.000000,top
"U4","INA260","TSSOP-16_4.4x5mm_P0.65mm",168.962500,-70.325000,180.000000,top
"U5","INA260","TSSOP-16_4.4x5mm_P0.65mm",171.828431,-43.844501,-90.000000,top
"U6","TLV61048DBVR","SOT-23-6_L2.9-W1.6-P0.95-LS2.8-BR",148.150000,-87.750000,180.000000,top
"U7","DS3502U_T_R","SOP50P490X110-10N",151.850000,-108.500000,180.000000,top
"U8","AL8860WT","TSOT-23-5",150.662500,-99.675000,180.000000,top
"U9","TPS2117","SOT-583-8",155.750000,-47.500000,180.000000,top
"U11","INA260","TSSOP-16_4.4x5mm_P0.65mm",139.628431,-43.869501,-90.000000,top
"U12","TPS61288RQQR","TPS61288_VQFN-HR-11_L3.0-W2.5-P0.50-TL",154.740000,-63.340000,90.000000,top
"U13","TPS22997RYZR","WQFN-HR10_RYZ_TEX",144.962500,-56.600000,180.000000,top
"Y1","Crystal","FC-135R_L3.2-W1.5",149.160000,-128.300000,180.000000,top
