Designator,Mid X,Mid Y,Layer,Rotation
C8,166.714762,-142.975,bottom,180
C9,166.714762,-141.145,bottom,180
C1,159.3,-117.375,top,-90
C2,158,-117.42,top,-90
C3,149.72,-114.1,top,0
C4,153.225,-125.6,top,180
C5,153.27,-126.9,top,180
C6,146.5,-122.48,top,90
C7,143.33,-123.55,top,0
C10,148.22,-126.7,top,0
C11,150.12,-126.7,top,180
C12,154.425,-73.375,top,-90
C13,157.15,-80.6,top,-90
C14,152.55,-80.6,top,-90
C15,164.3,-69.075,top,-90
C16,170.578431,-48.557001,top,0
C17,164.8,-48.675,top,-90
C18,161.75,-48.05,top,-90
C19,159.55,-47.875,top,-90
C20,153.375,-105.9,top,0
C21,143.725,-87.925,top,0
C22,151.2,-88.625,top,-90
C23,150.7,-96.825,top,0
C24,151.675,-111.1,top,180
C25,144.8,-103.775,top,-90
C26,156.675,-49.7,top,0
C27,156.65,-51.3,top,0
C28,156.85,-53.1,top,0
C29,156.85,-55.8,top,0
C30,138.378431,-48.607001,top,0
C31,154.0764,-60.33,top,90
C32,147.25,-48.7,top,-90
C33,157.745,-63.31,top,-90
C34,150.25,-48.1,top,-90
C35,152.35,-47.9,top,-90
C36,143.93,-107.045,top,0
C37,142.55,-133.445,top,90
C38,140.675,-74.165,top,-90
C39,166.85,-63.3,top,-90
C40,169.225,-63.3,top,-90
C41,171.6,-63.3,top,-90
C42,159.725,-63.3,top,-90
C43,162.1,-63.3,top,-90
C44,164.475,-63.3,top,-90
C45,145.5212,-69.3,top,-90
C46,147.8788,-69.3,top,-90
C47,152.6,-61.335,top,90
C48,155.25,-67.98,top,-90
C49,157.25,-67.98,top,-90
C50,148.9,-56.65,top,-90
C51,152.6,-65.035,top,90
C52,142.9,-57.375,top,-90
C53,147,-56.675,top,-90
C54,144,-54.65,top,0
D1,174.05,-131.5125,top,-90
D2,173.4,-74.8875,top,90
D3,149.2,-103.225,top,0
D4,143.2,-85.5,top,0
D5,139.5125,-78.8,top,180
D8,141.9875,-105.2,top,180
D9,143.5875,-136.825,top,180
D12,157.2875,-42.875,top,180
D13,154.2125,-42.875,top,0
J1,169.9,-104.1,top,-90
J2,167.985,-139.675,top,180
J3,149.15,-38.9,top,0
J4,143.2,-142.875,top,0
J5,139.525,-118.05,top,90
J6,150.1,-142.9,top,0
J7,162.35,-38.9,top,0
J8,156.6,-139.425,top,0
L1,160.65,-79.715,top,-90
L3,148.215,-83.2,top,180
L4,156.4,-99.625,top,-90
L5,148.1,-63.26,top,0
Q3,154.57,-87.8725,top,180
Q4,159.6625,-85.275,top,180
R2,143.85,-112.3,top,-90
R4,151.7,-113.3,top,-90
R5,152.7,-113.3,top,-90
R8,172.475,-131.5,top,-90
R11,156.5,-40.6,top,-90
R12,171.857,-74.89,top,-90
R13,155,-40.6,top,-90
R15,141.394146,-50.741216,top,90
R16,146.6,-94.525,top,0
R17,150.275,-105.9,top,180
R18,146.6,-96.925,top,0
R19,150.475,-91.9,top,180
R20,157.645,-87.47,top,90
R21,139.55,-80.35,top,180
R22,144.175,-90.4,top,0
R23,156,-85.05,top,0
R24,147.9,-107.825,top,90
R25,147.275,-90.4,top,0
R26,162.5,-85.25,top,90
R27,144.55,-47.9,top,90
R28,141.868152,-54.199186,top,-90
R29,144.775,-53.3,top,0
R30,141.935,-70.37,top,180
R31,155.85,-106.825,top,-90
R32,138.275,-71.54,top,-90
R37,140.75,-103.35,top,0
R38,138.975,-105.2,top,0
R39,141.25,-132.91,top,90
R40,141.25,-135.925,top,-90
R41,153.075,-67.985,top,90
R42,154.075,-67.985,top,-90
R43,156.25,-67.985,top,-90
SW1,139.68,-124.95,top,0
SW2,140.35,-109.75,top,-90
SW3,138.5,-95.075,top,-90
SW4,138.5,-136.625,top,90
U1,152.25,-119.8625,top,90
U2,159.1625,-74.125,top,180
U3,154.85,-81.225,top,-90
U4,168.9625,-70.325,top,180
U5,171.828431,-43.844501,top,-90
U6,148.15,-87.75,top,180
U7,151.85,-108.5,top,180
U8,150.6625,-99.675,top,180
U9,155.75,-47.5,top,180
U10,138.925,-74.21,top,-90
U11,139.628431,-43.869501,top,-90
U12,154.74,-63.34,top,90
U13,144.9625,-56.6,top,180
Y1,149.16,-128.3,top,180
U11,139.628431,-43.869501,-90,top
U12,154.74,-63.34,90,top
U13,144.9625,-56.6,180,top
Y1,149.16,-128.3,180,top
