Comment,Designator,Footprint,JLCPCB Part #,Notes,Correct?
4.7uF,C1,Capacitor_SMD:C_0603_1608Metric,C69335,,
100nF,"C2,C3,C4,C7,C36,C37,C38",Capacitor_SMD:C_0402_1005Metric,C1525,,
1uF,"C5,C22",Capacitor_SMD:C_0603_1608Metric,C15849,,
10nF,C6,Capacitor_SMD:C_0402_1005Metric,C15195,,
0.1uF,"C8,C12,C15,C20,C24,C29,C30,C35",Capacitor_SMD:C_0603_1608Metric,C14663,,
10uF,"C9,C14,C16,C21,C28,C31,C34",Capacitor_SMD:C_0805_2012Metric,C15850,,
15pF,"C10,C11",Capacitor_SMD:C_0402_1005Metric,C326803,,
22uF,"C13,C17,C18,C19",Capacitor_SMD:C_0805_2012Metric,C45783,,
1uF,C23,Capacitor_SMD:C_0805_2012Metric,C28323,,
2.2uF,C25,Capacitor_SMD:C_0805_2012Metric,C377773,,
100nF,"C26,C32",Capacitor_SMD:C_0603_1608Metric,C14663,,
47uF,"C27,C33",Capacitor_SMD:C_1206_3216Metric,C96123,,
Blue LED,D1,LED_SMD:LED_0603_1608Metric,C5197644,,
Green LED,"D2,D5,D6,D7",LED_SMD:LED_0603_1608Metric,C3000897,,
MBRA140T3G,D3,jlcpcb:SMA_L4.3-W2.6-LS5.2-RD,C54798,,
MBR120VLSFT1G,D4,jlcpcb:MBR120VLSFT1G,C223608,,
Yellow LED,"D8,D9",LED_SMD:LED_0603_1608Metric,C125095,,
D_Schottky,"D10,D11",jlcpcb:CR_15-M3&slash_9AT_VIS,C468074,,
Conn_02x20_Odd_Even,J1,jlcpcb:CONN-SMD_FH-00369_2x40,C2685115,,
Micro_SD_Card_Det2,J2,Connector_Card:microSD_HC_Molex_104031-0811,C585350,,
Conn_01x02_Socket,J4,Connector_JST:JST_SH_SM02B-SRSS-TB_1x02-1MP_P1.00mm_Horizontal,C160402,,
Conn_01x05_Pin,J5,Connector_JST:JST_SH_BM05B-SRSS-TB_1x05-1MP_P1.00mm_Vertical,C265092,,
Conn_01x04_Socket,J6,Connector_JST:JST_SH_SM04B-SRSS-TB_1x04-1MP_P1.00mm_Horizontal,C160404,,
Conn_01x02_Socket,J8,Connector_JST:JST_PH_S2B-PH-K_1x02_P2.00mm_Horizontal,C173752,,
3.3uH,"L1,L3",Inductor_SMD:L_Coilcraft_XAL4030-XXX,C2937437,,
1uH,L2,Inductor_SMD:L_Coilcraft_XAL6030-XXX,C2938919,,
33uH,L4,Inductor_SMD:L_Bourns_SRP7028A_7.3x6.6mm,C2046760,,
DMP3013SFV,"Q1,Q3,Q5,Q6,Q8,Q9",Package_SON:Diodes_PowerDI3333-8,C264098,,
BSS138,"Q2,Q4,Q7,Q10",Package_TO_SOT_SMD:SOT-23,C82045,,
10kR,"R2,R4,R5,R32",Resistor_SMD:R_0402_1005Metric,C25744,,
1kR,"R8,R29,R35,R38,R40",Resistor_SMD:R_0603_1608Metric,C21190,,
20kR,"R9,R20,R27,R33",Resistor_SMD:R_0603_1608Metric,C4184,,
100kR,"R10,R15,R23,R25,R28,R34",Resistor_SMD:R_0603_1608Metric,C25803,,
10kR,"R11,R14,R19,R21,R26,R30,R31,R36,R37,R39",Resistor_SMD:R_0603_1608Metric,C25804,,
1.5kR,R12,Resistor_SMD:R_0603_1608Metric,C22843,,
732kR,R13,Resistor_SMD:R_0603_1608Metric,C246003,,
1R,"R16,R18",Resistor_SMD:R_1206_3216Metric,C513714,,
3.3kR,R17,Resistor_SMD:R_0603_1608Metric,C22978,,
1.15MR,R22,Resistor_SMD:R_0603_1608Metric,C910920,,
470R,R24,Resistor_SMD:R_0603_1608Metric,C23179,,
SW_Push,SW1,jlcpcb:SW-SMD_L3.9-W3.0-P4.45,C720477,,
SW_SPDT,SW2,jlcpcb:SW-SMD_MSK12CO2,C5149840,,
SW_Reed,"SW3,SW4",jlcpcb:SENSOR-SMD_59170-1-S-00-D,C315909,,
STM32L431CCTx,U1,Package_QFP:LQFP-48_7x7mm_P0.5mm,C486681,,
INA260,"U2,U4,U9,U11",Package_SO:TSSOP-16_4.4x5mm_P0.65mm,C2155885,,
TPS61291DRVT,U3,jlcpcb:SON65P200X200X80-7N,C464809,,
TPS61022,U5,Package_DFN_QFN:Texas_RWU0007A_VQFN-7_2x2mm_P0.5mm,C915088,,
TLV61048DBVR,U6,jlcpcb:SOT-23-6_L2.9-W1.6-P0.95-LS2.8-BR,C2861467,,
DS3502U_T_R,U7,jlcpcb:SOP50P490X110-10N,C2649363,,
AL8860WT,U8,Package_TO_SOT_SMD:TSOT-23-5,C125330,,
VEML6030,U10,jlcpcb:VISHAY_VEML6030_2X2X0.87,C132182,,
Crystal,Y1,jlcpcb:FC-135R_L3.2-W1.5,C32346,,
